{
  "admin": [
    {
      "id": "dcdc",
      "firstName": "AAAAA",
      "lastName": "BBBBBB",
      "email": "aa@b.com",
      "phoneNo": 288217332,
      "password": "abcd",
      "confirmPassword": "abcd"
    },
    {
      "id": "13c5",
      "firstName": "Swarneem",
      "lastName": "Nandanwar",
      "email": "swar@neem.com",
      "phoneNo": 9876543211,
      "password": "West@123"
    },
    {
      "id": "4363",
      "firstName": "swar",
      "lastName": "neem",
      "email": "neem@s.com",
      "phoneNo": 8282828282,
      "password": "West@123"
    }
  ]
}