{
  "appointments": [
    {
      "patientName": "Swarneem Nandanwar",
      "patientAge": 23,
      "patientWeight": 66,
      "patientCity": "Bangalore",
      "department": "Dermatology",
      "doctor": "Dr. Dermatology-1",
      "appointmentDate": "2024-12-20",
      "id": "1cb0"
    },
    {
      "patientName": "Subbu",
      "patientAge": 44,
      "patientWeight": 80,
      "patientCity": "Chennai",
      "department": "ENT",
      "doctor": "Dr. ENT-1",
      "appointmentDate": "2024-12-07",
      "id": "749f"
    },
    {
      "patientName": "Gaurav Singh",
      "patientAge": 33,
      "patientWeight": 133,
      "patientCity": "Hyderabad",
      "department": "ENT",
      "doctor": "Dr. ENT-1",
      "appointmentDate": "2024-12-26",
      "id": "5543"
    }
  ]
}